<?xml version="1.0" encoding="UTF-8" standalone="no" ?>
<SysapiExportedData>

  <SystemExperts>
    <ExpertInfo productDisplayName="NI-DAQmx" productID="{05E5B418-0D25-46AF-B95A-1AF0AB2A944A}" productVersion="21.0" programmaticName="daqmx"/>
    <ExpertInfo productDisplayName="NI-488.2" productID="{572F0786-9EEC-11D8-95F0-000795B9843F}" productVersion="19.5" programmaticName="ni-488.2"/>
    <ExpertInfo productDisplayName="NI-1588 2008" productID="{7B913AC1-977C-404B-9313-1778C1DCA6BA}" productVersion="21.0" programmaticName="ni-1588"/>
    <ExpertInfo productDisplayName="NI-CONTROLLER" productID="{57E08BAA-E6F6-4546-A2F3-5193FEF2E1E9}" productVersion="21.0" programmaticName="ni-controller"/>
    <ExpertInfo productDisplayName="NI-MXI" productID="{CCE3BBB2-9361-4435-A3B6-46F5BA6A570A}" productVersion="21.0" programmaticName="ni-mxi"/>
    <ExpertInfo productDisplayName="NI-PAL" productID="{0BE8EF24-2B06-40ED-8087-1A695CC0684D}" productVersion="21.0" programmaticName="ni-pal"/>
    <ExpertInfo productDisplayName="NI PXI Platform Services" productID="{A6121C52-7CCB-432C-A42F-E67276699731}" productVersion="21.0" programmaticName="ni-pxi"/>
    <ExpertInfo productDisplayName="NI-QPXI" productID="{A2B7328D-60B9-4324-B3B7-1473C8A8E638}" productVersion="21.0" programmaticName="ni-qpxi"/>
    <ExpertInfo productDisplayName="NI-RIO" productID="{3108184C-C617-4482-ACB4-999073B671D6}" productVersion="21.0.0" programmaticName="ni-rio"/>
    <ExpertInfo productDisplayName="NI-Serial" productID="{10932EDF-0F8A-4BB3-88F2-1636BB893EE6}" productVersion="20.0" programmaticName="serial"/>
    <ExpertInfo productDisplayName="NI-SLSC Configuration" productID="{F78FE356-1C25-4531-9E19-85D0FEAA95C4}" productVersion="19.0" programmaticName="slsc"/>
    <ExpertInfo productDisplayName="NI-SWITCH CA4" productID="{9D2C98E1-6B5A-4550-9806-3C2667E5CC03}" productVersion="19.1" programmaticName="ni-switch"/>
    <ExpertInfo productDisplayName="NI-VISA" productID="{298C0BAD-4343-4886-9B3C-1B5816ED9EDE}" productVersion="21.0" programmaticName="ni-visa"/>
    <ExpertInfo productDisplayName="NI-XNET" productID="{0D8C6419-CD77-43AA-BA73-A738A40D58D0}" productVersion="21.0.1f12" programmaticName="xnet"/>
    <ExpertInfo productDisplayName="NI Device Interconnect Manager" productID="{1A95C540-5D92-4EDB-9CDA-6EE10811703C}" productVersion="21.0.0" programmaticName="nidim"/>
    <ExpertInfo productDisplayName="NI Network Browser" productID="{053A2336-3C46-4D50-A8DB-F3DCF9308A66}" productVersion="21.0" programmaticName="network"/>
    <ExpertInfo productDisplayName="NI MX Routing Utility" productID="{3ED252C4-DA4D-48C8-ADE3-EE2AC7CBB24E}" productVersion="21.0.0" programmaticName="nimru"/>
    <ExpertInfo productDisplayName="NI System Configuration" productID="{722D1D51-1C1D-42FE-AEEF-5CF6C711FFA7}" productVersion="21.0" programmaticName="nisyscfg"/>
    <ExpertInfo productDisplayName="NI USBLAN" productID="{790AE12F-74A0-4229-9488-C71CB19229AE}" productVersion="18.0" programmaticName="niusblan"/>
    <ExpertInfo productDisplayName="NI-RTSI" productID="{9690F854-A90E-4382-AAF4-D59CB3682F4E}" productVersion="21.0" programmaticName="rtsi"/>
  </SystemExperts>

  <CombinedItems>
    <PropertyBag>
      <Property tag="1000000" type="6">//localhost/daqmx/{23129654-5EB4-11EC-8058-BC5EAAC21C9F}</Property>
      <Property tag="1001000" type="1">1</Property>
      <Property tag="1002000" type="3">2</Property>
      <Property tag="1003000" type="3">14627</Property>
      <Property tag="1004000" type="6">National Instruments</Property>
      <Property tag="1005000" type="3">30521</Property>
      <Property tag="1006000" type="6">NI cDAQ-9132</Property>
      <Property tag="1007000" type="6"/>
      <Property tag="1008000" type="1">1</Property>
      <Property tag="1009000" type="1">1</Property>
      <Property tag="100C000" type="2">4</Property>
      <Property tag="100D000" type="3">0</Property>
      <Property tag="1010000" type="1">0</Property>
      <Property tag="1014000" type="1">0</Property>
      <Property tag="101B000" type="3">0</Property>
      <Property tag="101C000" type="2">1</Property>
      <Property tag="101D000" type="6">{23129654-5EB4-11EC-8058-BC5EAAC21C9F}</Property>
      <Property tag="101E000" type="6">daqmx</Property>
      <Property tag="101F000" type="6">cDAQ2</Property>
      <Property tag="1020000" type="1">0</Property>
      <Property tag="1022000" type="5">{23129654-5EB4-11EC-8058-BC5EAAC21C9F}</Property>
      <Property tag="1024000" type="2">1</Property>
      <Property tag="1026000" type="3">9</Property>
      <Property tag="1027000" type="6">{23129654-5EB4-11EC-8058-BC5EAAC21C9F}</Property>
      <Property tag="1028000" type="1">1</Property>
      <Property tag="102A000" type="2">200</Property>
      <Property tag="1037000" type="3">1376256</Property>
      <Property tag="1038000" type="1">0</Property>
      <Property tag="103B000" type="2">1</Property>
      <Property tag="104A000" type="1">0</Property>
      <Property tag="1054000" type="1">1</Property>
      <Property tag="106B000" type="1">0</Property>
      <Property tag="1072000" type="1">1</Property>
      <Property tag="1075000" type="6"/>
      <Property tag="1085000" type="3">1</Property>
      <Property tag="1086000" type="3">1</Property>
      <Property tag="10A1000" type="3">9132</Property>
      <Property tag="2001000" type="5">{A2C06FAB-4997-3F99-4643-FB2FFB43AE18}</Property>
      <Property tag="2006000" type="1">0</Property>
      <Property tag="2007000" type="1">0</Property>
      <Property tag="2008000" type="6">cDAQ-9132</Property>
      <Property tag="200C000" type="6"/>
      <Property tag="200D000" type="3">0</Property>
      <Property tag="2017000" type="1">0</Property>
      <Property tag="201C000" type="1">0</Property>
      <Property tag="2020000" type="1">0</Property>
      <Property tag="2025000" type="2">19</Property>
      <Property tag="203C000" type="1">0</Property>
      <Property tag="1000B000" type="1">0</Property>
      <Property tag="1000C000" type="1">0</Property>
    </PropertyBag>
    <PropertyBag>
      <Property tag="1000000" type="6">//localhost/daqmx/{3764BA1B-5EB4-11EC-8058-BC5EAAC21C9F}</Property>
      <Property tag="1001000" type="1">1</Property>
      <Property tag="1002000" type="3">9</Property>
      <Property tag="1003000" type="3">4243</Property>
      <Property tag="1004000" type="6">National Instruments</Property>
      <Property tag="1005000" type="3">29108</Property>
      <Property tag="1006000" type="6">NI 9263</Property>
      <Property tag="1007000" type="6"/>
      <Property tag="1008000" type="1">1</Property>
      <Property tag="1009000" type="1">1</Property>
      <Property tag="100A000" type="6">{23129654-5EB4-11EC-8058-BC5EAAC21C9F}</Property>
      <Property tag="100B000" type="2">1</Property>
      <Property tag="100D000" type="3">0</Property>
      <Property tag="1010000" type="1">0</Property>
      <Property tag="1014000" type="1">1</Property>
      <Property tag="1015000" type="7">0 0 0 0</Property>
      <Property tag="1017000" type="7">0 0 0 0</Property>
      <Property tag="101C000" type="2">1</Property>
      <Property tag="101D000" type="6">{3764BA1B-5EB4-11EC-8058-BC5EAAC21C9F}</Property>
      <Property tag="101E000" type="6">daqmx</Property>
      <Property tag="101F000" type="6">cDAQ2Mod1</Property>
      <Property tag="1020000" type="1">1</Property>
      <Property tag="1022000" type="5">{3764BA1B-5EB4-11EC-8058-BC5EAAC21C9F}</Property>
      <Property tag="1024000" type="2">1</Property>
      <Property tag="1028000" type="1">0</Property>
      <Property tag="102A000" type="2">200</Property>
      <Property tag="102E000" type="4">0.000000</Property>
      <Property tag="1037000" type="3">1376256</Property>
      <Property tag="1038000" type="1">0</Property>
      <Property tag="104A000" type="1">0</Property>
      <Property tag="1054000" type="1">1</Property>
      <Property tag="1064000" type="2">1</Property>
      <Property tag="1065000" type="6">TempSensor1</Property>
      <Property tag="1066000" type="4">nan</Property>
      <Property tag="1067000" type="4">nan</Property>
      <Property tag="1069000" type="2">-1</Property>
      <Property tag="106B000" type="1">0</Property>
      <Property tag="1072000" type="1">1</Property>
      <Property tag="1075000" type="6"/>
      <Property tag="1085000" type="3">1</Property>
      <Property tag="1086000" type="3">1</Property>
      <Property tag="1089000" type="2">-1</Property>
      <Property tag="10A0000" type="6"/>
      <Property tag="10A1000" type="3">9263</Property>
      <Property tag="2001000" type="5">{DCBCBB09-7862-3AFE-3581-FEC89ACE0407}</Property>
      <Property tag="2006000" type="1">1</Property>
      <Property tag="2007000" type="1">1</Property>
      <Property tag="2008000" type="6">NI 9263</Property>
      <Property tag="200C000" type="6"/>
      <Property tag="200D000" type="3">0</Property>
      <Property tag="2017000" type="1">0</Property>
      <Property tag="201C000" type="1">0</Property>
      <Property tag="2020000" type="1">0</Property>
      <Property tag="2025000" type="2">20</Property>
      <Property tag="203C000" type="1">0</Property>
      <Property tag="2045000" type="3">28839</Property>
      <Property tag="1000B000" type="1">0</Property>
      <Property tag="1000C000" type="1">0</Property>
    </PropertyBag>
    <PropertyBag>
      <Property tag="1000000" type="6">//localhost/daqmx/{7A43338D-4258-11EC-80A9-878F68D95F2A}</Property>
      <Property tag="1001000" type="1">1</Property>
      <Property tag="1002000" type="3">2</Property>
      <Property tag="1003000" type="3">14627</Property>
      <Property tag="1004000" type="6">National Instruments</Property>
      <Property tag="1005000" type="3">29860</Property>
      <Property tag="1006000" type="6">NI cDAQ-9178</Property>
      <Property tag="1007000" type="6">01F9A53A</Property>
      <Property tag="1008000" type="1">1</Property>
      <Property tag="1009000" type="1">0</Property>
      <Property tag="100C000" type="2">8</Property>
      <Property tag="100D000" type="3">0</Property>
      <Property tag="1010000" type="1">0</Property>
      <Property tag="1014000" type="1">0</Property>
      <Property tag="101B000" type="3">0</Property>
      <Property tag="101C000" type="2">1</Property>
      <Property tag="101D000" type="6">{7A43338D-4258-11EC-80A9-878F68D95F2A}</Property>
      <Property tag="101E000" type="6">daqmx</Property>
      <Property tag="101F000" type="6">cDAQ1</Property>
      <Property tag="1020000" type="1">0</Property>
      <Property tag="1022000" type="5">{7A43338D-4258-11EC-80A9-878F68D95F2A}</Property>
      <Property tag="1024000" type="2">0</Property>
      <Property tag="1026000" type="3">9</Property>
      <Property tag="1027000" type="6">{7A43338D-4258-11EC-80A9-878F68D95F2A}</Property>
      <Property tag="1028000" type="1">1</Property>
      <Property tag="102A000" type="2">200</Property>
      <Property tag="1037000" type="3">1376256</Property>
      <Property tag="1038000" type="1">0</Property>
      <Property tag="103B000" type="2">1</Property>
      <Property tag="104A000" type="1">0</Property>
      <Property tag="1054000" type="1">1</Property>
      <Property tag="106B000" type="1">0</Property>
      <Property tag="1072000" type="1">1</Property>
      <Property tag="1075000" type="6"/>
      <Property tag="1085000" type="3">1</Property>
      <Property tag="1086000" type="3">1</Property>
      <Property tag="10A1000" type="3">9178</Property>
      <Property tag="2001000" type="5">{D34A0ABC-9207-382F-3609-B4E796C114B1}</Property>
      <Property tag="2006000" type="1">0</Property>
      <Property tag="2007000" type="1">0</Property>
      <Property tag="2008000" type="6">cDAQ-9178</Property>
      <Property tag="200C000" type="6">Status Code: -88705
The specified device is not present or is not active in the system. The device may not be installed on this system, may have been unplugged, or may not be installed correctly.
</Property>
      <Property tag="200D000" type="3">3</Property>
      <Property tag="2017000" type="1">0</Property>
      <Property tag="201C000" type="1">0</Property>
      <Property tag="2020000" type="1">0</Property>
      <Property tag="2025000" type="2">19</Property>
      <Property tag="203C000" type="1">0</Property>
      <Property tag="1000B000" type="1">0</Property>
      <Property tag="1000C000" type="1">0</Property>
    </PropertyBag>
    <PropertyBag>
      <Property tag="1000000" type="6">//localhost/daqmx/{8FE773DF-4258-11EC-80A9-878F68D95F2A}</Property>
      <Property tag="1001000" type="1">1</Property>
      <Property tag="1002000" type="3">9</Property>
      <Property tag="1003000" type="3">4243</Property>
      <Property tag="1004000" type="6">National Instruments</Property>
      <Property tag="1005000" type="3">29024</Property>
      <Property tag="1006000" type="6">NI 9421</Property>
      <Property tag="1007000" type="6">01FB6C25</Property>
      <Property tag="1008000" type="1">1</Property>
      <Property tag="1009000" type="1">0</Property>
      <Property tag="100A000" type="6">{7A43338D-4258-11EC-80A9-878F68D95F2A}</Property>
      <Property tag="100B000" type="2">8</Property>
      <Property tag="100D000" type="3">0</Property>
      <Property tag="1010000" type="1">0</Property>
      <Property tag="1014000" type="1">0</Property>
      <Property tag="101C000" type="2">1</Property>
      <Property tag="101D000" type="6">{8FE773DF-4258-11EC-80A9-878F68D95F2A}</Property>
      <Property tag="101E000" type="6">daqmx</Property>
      <Property tag="101F000" type="6">cDAQ1Mod8</Property>
      <Property tag="1020000" type="1">0</Property>
      <Property tag="1022000" type="5">{8FE773DF-4258-11EC-80A9-878F68D95F2A}</Property>
      <Property tag="1024000" type="2">0</Property>
      <Property tag="1028000" type="1">0</Property>
      <Property tag="102A000" type="2">200</Property>
      <Property tag="1037000" type="3">1376256</Property>
      <Property tag="1038000" type="1">0</Property>
      <Property tag="104A000" type="1">0</Property>
      <Property tag="1054000" type="1">1</Property>
      <Property tag="106B000" type="1">0</Property>
      <Property tag="1072000" type="1">1</Property>
      <Property tag="1075000" type="6"/>
      <Property tag="1085000" type="3">1</Property>
      <Property tag="1086000" type="3">1</Property>
      <Property tag="10A1000" type="3">9421</Property>
      <Property tag="2001000" type="5">{5C0EBCEA-6C1F-3840-5A5C-BB74CFC213BE}</Property>
      <Property tag="2006000" type="1">1</Property>
      <Property tag="2007000" type="1">1</Property>
      <Property tag="2008000" type="6">NI 9421</Property>
      <Property tag="200C000" type="6">Status Code: -88705
The specified device is not present or is not active in the system. The device may not be installed on this system, may have been unplugged, or may not be installed correctly.
</Property>
      <Property tag="200D000" type="3">3</Property>
      <Property tag="2017000" type="1">0</Property>
      <Property tag="201C000" type="1">0</Property>
      <Property tag="2020000" type="1">0</Property>
      <Property tag="2025000" type="2">20</Property>
      <Property tag="203C000" type="1">0</Property>
      <Property tag="2045000" type="3">28831</Property>
      <Property tag="1000B000" type="1">0</Property>
      <Property tag="1000C000" type="1">0</Property>
    </PropertyBag>
    <PropertyBag>
      <Property tag="1000000" type="6">//localhost/daqmx/{956C4BFC-4258-11EC-80A9-878F68D95F2A}</Property>
      <Property tag="1001000" type="1">1</Property>
      <Property tag="1002000" type="3">9</Property>
      <Property tag="1003000" type="3">4243</Property>
      <Property tag="1004000" type="6">National Instruments</Property>
      <Property tag="1005000" type="3">29029</Property>
      <Property tag="1006000" type="6">NI 9401</Property>
      <Property tag="1007000" type="6">01C2D593</Property>
      <Property tag="1008000" type="1">1</Property>
      <Property tag="1009000" type="1">0</Property>
      <Property tag="100A000" type="6">{7A43338D-4258-11EC-80A9-878F68D95F2A}</Property>
      <Property tag="100B000" type="2">6</Property>
      <Property tag="100C000" type="2">1</Property>
      <Property tag="100D000" type="3">0</Property>
      <Property tag="1010000" type="1">0</Property>
      <Property tag="1014000" type="1">0</Property>
      <Property tag="101C000" type="2">1</Property>
      <Property tag="101D000" type="6">{956C4BFC-4258-11EC-80A9-878F68D95F2A}</Property>
      <Property tag="101E000" type="6">daqmx</Property>
      <Property tag="101F000" type="6">cDAQ1Mod6</Property>
      <Property tag="1020000" type="1">0</Property>
      <Property tag="1022000" type="5">{956C4BFC-4258-11EC-80A9-878F68D95F2A}</Property>
      <Property tag="1024000" type="2">0</Property>
      <Property tag="1026000" type="3">13</Property>
      <Property tag="1027000" type="6">{956C4BFC-4258-11EC-80A9-878F68D95F2A}</Property>
      <Property tag="1028000" type="1">0</Property>
      <Property tag="102A000" type="2">200</Property>
      <Property tag="1037000" type="3">1376256</Property>
      <Property tag="1038000" type="1">0</Property>
      <Property tag="103B000" type="2">0</Property>
      <Property tag="104A000" type="1">0</Property>
      <Property tag="1054000" type="1">1</Property>
      <Property tag="106B000" type="1">0</Property>
      <Property tag="1072000" type="1">1</Property>
      <Property tag="1075000" type="6"/>
      <Property tag="1085000" type="3">1</Property>
      <Property tag="1086000" type="3">1</Property>
      <Property tag="10A1000" type="3">9401</Property>
      <Property tag="2001000" type="5">{800FF3B2-D66A-3E7E-DECA-89AD66F1621B}</Property>
      <Property tag="2006000" type="1">1</Property>
      <Property tag="2007000" type="1">1</Property>
      <Property tag="2008000" type="6">NI 9401</Property>
      <Property tag="200C000" type="6">Status Code: -88705
The specified device is not present or is not active in the system. The device may not be installed on this system, may have been unplugged, or may not be installed correctly.
</Property>
      <Property tag="200D000" type="3">3</Property>
      <Property tag="2017000" type="1">0</Property>
      <Property tag="201C000" type="1">0</Property>
      <Property tag="2020000" type="1">0</Property>
      <Property tag="2025000" type="2">20</Property>
      <Property tag="203C000" type="1">0</Property>
      <Property tag="2045000" type="3">28976</Property>
      <Property tag="1000B000" type="1">0</Property>
      <Property tag="1000C000" type="1">0</Property>
    </PropertyBag>
    <PropertyBag>
      <Property tag="1000000" type="6">//localhost/nisyscfg,ni-rio,ni-pxi/system,system,PXISystemController</Property>
      <Property tag="1001000" type="1">0</Property>
      <Property tag="1002000" type="3">0</Property>
      <Property tag="1004000" type="6">HP</Property>
      <Property tag="1005000" type="3">0</Property>
      <Property tag="1006000" type="6">HP Z4 G4 Workstation</Property>
      <Property tag="1007000" type="6">MXL1104KWM</Property>
      <Property tag="1008000" type="1">0</Property>
      <Property tag="1009000" type="1">0</Property>
      <Property tag="100D000" type="3">0</Property>
      <Property tag="101C000" type="2">3</Property>
      <Property tag="101D000" type="6">system</Property>
      <Property tag="101D001" type="6">system</Property>
      <Property tag="101D002" type="6">PXISystemController</Property>
      <Property tag="101E000" type="6">nisyscfg</Property>
      <Property tag="101E001" type="6">ni-rio</Property>
      <Property tag="101E002" type="6">ni-pxi</Property>
      <Property tag="101F000" type="6">TD0319054</Property>
      <Property tag="101F001" type="6"/>
      <Property tag="101F002" type="6"/>
      <Property tag="1020000" type="1">0</Property>
      <Property tag="1022000" type="5">{02A8780F-941F-99FA-8312-D3F18A48D605}</Property>
      <Property tag="1022001" type="5">{00000000-0000-0000-0000-000000000000}</Property>
      <Property tag="1022002" type="5">{00000000-0000-0000-0000-000000000000}</Property>
      <Property tag="1024000" type="2">1</Property>
      <Property tag="1028000" type="1">0</Property>
      <Property tag="102A000" type="2">1000</Property>
      <Property tag="102A001" type="2">-100</Property>
      <Property tag="102A002" type="2">-1000</Property>
      <Property tag="102F000" type="6">P61 v02.63</Property>
      <Property tag="1037000" type="3">1376256</Property>
      <Property tag="1037001" type="3">1376256</Property>
      <Property tag="1037002" type="3">1376256</Property>
      <Property tag="1038000" type="1">1</Property>
      <Property tag="1039000" type="2">1</Property>
      <Property tag="103A000" type="3">4</Property>
      <Property tag="103C000" type="6">Desktop</Property>
      <Property tag="103D000" type="6"/>
      <Property tag="1040000" type="3">0</Property>
      <Property tag="104E000" type="6">Windows x64</Property>
      <Property tag="104F000" type="6">10.0.19042</Property>
      <Property tag="1050000" type="6">Microsoft Windows 10 Enterprise</Property>
      <Property tag="1051000" type="7">0 80000000 DE0DE00C 0</Property>
      <Property tag="1052000" type="1">0</Property>
      <Property tag="1054000" type="1">0</Property>
      <Property tag="1054001" type="1">0</Property>
      <Property tag="1054002" type="1">0</Property>
      <Property tag="1058000" type="2">8</Property>
      <Property tag="1075000" type="6"/>
      <Property tag="1083000" type="6">Intel(R) Xeon(R) W-2123 CPU @ 3.60GHz</Property>
      <Property tag="1084000" type="2">4</Property>
      <Property tag="10B2000" type="2">4</Property>
      <Property tag="5002000" type="2">0</Property>
      <Property tag="5003000" type="2">1</Property>
      <Property tag="B004000" type="3">0</Property>
      <Property tag="B007000" type="3">262144</Property>
      <Property tag="B00B000" type="3">1</Property>
      <Property tag="B00C000" type="3">3</Property>
      <Property tag="B00D000" type="6">National Instruments</Property>
      <Property tag="B00E000" type="6">(None Selected),National Instruments</Property>
      <Property tag="B00F000" type="3">1</Property>
      <Property tag="B010000" type="3">3</Property>
      <Property tag="B011000" type="6">National Instruments</Property>
      <Property tag="B012000" type="6">National Instruments</Property>
      <Property tag="B013000" type="2">0</Property>
      <Property tag="B014000" type="6">20.0.0</Property>
      <Property tag="D114000" type="6">TD0319054.cnh1.cnhgroup.cnh.com</Property>
      <Property tag="D122000" type="4">494466044.000000</Property>
      <Property tag="D129000" type="1">1</Property>
      <Property tag="D150000" type="4">33275200.000000</Property>
      <Property tag="D153000" type="4">66550400.000000</Property>
      <Property tag="D156000" type="3">0</Property>
      <Property tag="16002000" type="6"/>
      <Property tag="16003000" type="6"/>
      <Property tag="16004000" type="3">0</Property>
      <Property tag="16005000" type="6"/>
      <Property tag="16006000" type="6"/>
      <Property tag="1600A000" type="6"/>
    </PropertyBag>
    <PropertyBag>
      <Property tag="1000000" type="6">//localhost/ni-visa/ASRL4::INSTR</Property>
      <Property tag="1001000" type="1">0</Property>
      <Property tag="1002000" type="3">5</Property>
      <Property tag="1004000" type="6"/>
      <Property tag="1006000" type="6"/>
      <Property tag="1007000" type="6"/>
      <Property tag="1008000" type="1">0</Property>
      <Property tag="1009000" type="1">0</Property>
      <Property tag="100D000" type="3">0</Property>
      <Property tag="101C000" type="2">1</Property>
      <Property tag="101D000" type="6">ASRL4::INSTR</Property>
      <Property tag="101E000" type="6">ni-visa</Property>
      <Property tag="101F000" type="6">COM4</Property>
      <Property tag="1020000" type="1">0</Property>
      <Property tag="1022000" type="5">{0A9C7F42-2AD0-11EC-80A6-8C826E68892D}</Property>
      <Property tag="1024000" type="2">0</Property>
      <Property tag="1028000" type="1">0</Property>
      <Property tag="102A000" type="2">1</Property>
      <Property tag="1037000" type="3">1376256</Property>
      <Property tag="1038000" type="1">0</Property>
      <Property tag="1049000" type="6"/>
      <Property tag="1054000" type="1">1</Property>
      <Property tag="10A1000" type="3">0</Property>
    </PropertyBag>
    <PropertyBag>
      <Property tag="1000000" type="6">//localhost/ni-visa/ASRL1::INSTR</Property>
      <Property tag="1001000" type="1">0</Property>
      <Property tag="1002000" type="3">5</Property>
      <Property tag="1004000" type="6"/>
      <Property tag="1006000" type="6"/>
      <Property tag="1007000" type="6"/>
      <Property tag="1008000" type="1">0</Property>
      <Property tag="1009000" type="1">0</Property>
      <Property tag="100D000" type="3">0</Property>
      <Property tag="101C000" type="2">1</Property>
      <Property tag="101D000" type="6">ASRL1::INSTR</Property>
      <Property tag="101E000" type="6">ni-visa</Property>
      <Property tag="101F000" type="6">COM1</Property>
      <Property tag="1020000" type="1">0</Property>
      <Property tag="1022000" type="5">{D6B7D217-544E-11EC-8058-98DFB26AD406}</Property>
      <Property tag="1024000" type="2">0</Property>
      <Property tag="1028000" type="1">0</Property>
      <Property tag="102A000" type="2">1</Property>
      <Property tag="1037000" type="3">1376256</Property>
      <Property tag="1038000" type="1">0</Property>
      <Property tag="1049000" type="6"/>
      <Property tag="1054000" type="1">1</Property>
      <Property tag="10A1000" type="3">0</Property>
    </PropertyBag>
    <PropertyBag>
      <Property tag="1000000" type="6">//localhost/ni-visa/ASRL5::INSTR</Property>
      <Property tag="1001000" type="1">0</Property>
      <Property tag="1002000" type="3">5</Property>
      <Property tag="1004000" type="6"/>
      <Property tag="1006000" type="6"/>
      <Property tag="1007000" type="6"/>
      <Property tag="1008000" type="1">0</Property>
      <Property tag="1009000" type="1">0</Property>
      <Property tag="100D000" type="3">0</Property>
      <Property tag="101C000" type="2">1</Property>
      <Property tag="101D000" type="6">ASRL5::INSTR</Property>
      <Property tag="101E000" type="6">ni-visa</Property>
      <Property tag="101F000" type="6">COM5</Property>
      <Property tag="1020000" type="1">0</Property>
      <Property tag="1022000" type="5">{1A66D792-8062-11EC-8050-9EA0DE1E3DF3}</Property>
      <Property tag="1024000" type="2">0</Property>
      <Property tag="1028000" type="1">0</Property>
      <Property tag="102A000" type="2">1</Property>
      <Property tag="1037000" type="3">1376256</Property>
      <Property tag="1038000" type="1">0</Property>
      <Property tag="1049000" type="6"/>
      <Property tag="1054000" type="1">1</Property>
      <Property tag="10A1000" type="3">0</Property>
    </PropertyBag>
    <PropertyBag>
      <Property tag="1000000" type="6">//localhost/ni-visa/ASRL3::INSTR</Property>
      <Property tag="1001000" type="1">1</Property>
      <Property tag="1002000" type="3">5</Property>
      <Property tag="1004000" type="6"/>
      <Property tag="1006000" type="6"/>
      <Property tag="1007000" type="6"/>
      <Property tag="1008000" type="1">0</Property>
      <Property tag="1009000" type="1">0</Property>
      <Property tag="100D000" type="3">0</Property>
      <Property tag="101C000" type="2">1</Property>
      <Property tag="101D000" type="6">ASRL3::INSTR</Property>
      <Property tag="101E000" type="6">ni-visa</Property>
      <Property tag="101F000" type="6">COM3</Property>
      <Property tag="1020000" type="1">0</Property>
      <Property tag="1022000" type="5">{1BFBABB9-5D25-11EC-805E-FF3F4CECF547}</Property>
      <Property tag="1024000" type="2">1</Property>
      <Property tag="1028000" type="1">0</Property>
      <Property tag="102A000" type="2">1</Property>
      <Property tag="1037000" type="3">1376256</Property>
      <Property tag="1038000" type="1">0</Property>
      <Property tag="1049000" type="6">COM3</Property>
      <Property tag="1054000" type="1">1</Property>
      <Property tag="1072000" type="1">0</Property>
      <Property tag="10A1000" type="3">0</Property>
      <Property tag="4001000" type="6">Prolific USB-to-Serial Comm Port</Property>
      <Property tag="4002000" type="3">9600</Property>
      <Property tag="4003000" type="3">8</Property>
      <Property tag="4004000" type="3">0</Property>
      <Property tag="4005000" type="3">10</Property>
      <Property tag="4006000" type="3">0</Property>
      <Property tag="400A000" type="1">0</Property>
    </PropertyBag>
    <PropertyBag>
      <Property tag="1000000" type="6">//localhost/network/00:80:2F:32:7F:F8</Property>
      <Property tag="1001000" type="1">1</Property>
      <Property tag="1002000" type="3">6</Property>
      <Property tag="1004000" type="6">National Instruments</Property>
      <Property tag="1005000" type="3">30689</Property>
      <Property tag="1006000" type="6">PXIe-8861</Property>
      <Property tag="1007000" type="6">0321713B</Property>
      <Property tag="1008000" type="1">1</Property>
      <Property tag="1009000" type="1">0</Property>
      <Property tag="100D000" type="3">0</Property>
      <Property tag="101C000" type="2">1</Property>
      <Property tag="101D000" type="6">00:80:2F:32:7F:F8</Property>
      <Property tag="101E000" type="6">network</Property>
      <Property tag="101F000" type="6">NI-PXIe-8861-0321713B</Property>
      <Property tag="1020000" type="1">0</Property>
      <Property tag="1022000" type="5">{00000000-0000-0000-0000-000000000000}</Property>
      <Property tag="1024000" type="2">1</Property>
      <Property tag="1025000" type="6">NI-PXIe-8861-0321713B</Property>
      <Property tag="1028000" type="1">0</Property>
      <Property tag="102A000" type="2">-100</Property>
      <Property tag="102B000" type="2">1</Property>
      <Property tag="102C000" type="6">192.168.1.9</Property>
      <Property tag="1033000" type="6">00:80:2F:32:7F:F8</Property>
      <Property tag="1034000" type="1">1</Property>
      <Property tag="1037000" type="3">1376256</Property>
      <Property tag="1038000" type="1">1</Property>
      <Property tag="1039000" type="2">3</Property>
      <Property tag="103A000" type="3">0</Property>
      <Property tag="103A001" type="3">1</Property>
      <Property tag="103A002" type="3">2</Property>
      <Property tag="103C000" type="6">PXI</Property>
      <Property tag="103D000" type="6"/>
      <Property tag="104A000" type="1">0</Property>
      <Property tag="104E000" type="6">NI-Linux x64</Property>
      <Property tag="104F000" type="6">4.14.146-rt67</Property>
      <Property tag="1053000" type="6">Running</Property>
      <Property tag="1054000" type="1">0</Property>
      <Property tag="1055000" type="1">0</Property>
      <Property tag="1056000" type="1">0</Property>
      <Property tag="1071000" type="1">0</Property>
      <Property tag="1085000" type="3">0</Property>
      <Property tag="1086000" type="3">0</Property>
      <Property tag="D204000" type="6">Running</Property>
      <Property tag="D207000" type="6">x86_64</Property>
      <Property tag="D209000" type="6">daqmx,nidim,ni-controller,ni-mxi,ni-pxi,ni-qpxi,ni-rio,ni-switch,nimru,nisyscfg,ni-visa,rtsi,serial,xnet,nisysmgmt</Property>
      <Property tag="D20A000" type="6">21.0</Property>
      <Property tag="D20C000" type="6"/>
    </PropertyBag>
    <PropertyBag>
      <Property tag="1000000" type="6">//localhost/nisyscfg/Ethernet</Property>
      <Property tag="1001000" type="1">0</Property>
      <Property tag="1009000" type="1">0</Property>
      <Property tag="100D000" type="3">0</Property>
      <Property tag="101C000" type="2">1</Property>
      <Property tag="101D000" type="6">Ethernet</Property>
      <Property tag="101E000" type="6">nisyscfg</Property>
      <Property tag="101F000" type="6">Intel(R) Ethernet Connection (2) I219-LM</Property>
      <Property tag="1020000" type="1">0</Property>
      <Property tag="1022000" type="5">{CBD06E6E-ABB8-4E76-9D35-C7FBC73A58D0}</Property>
      <Property tag="1028000" type="1">0</Property>
      <Property tag="102A000" type="2">1000</Property>
      <Property tag="1037000" type="3">1376256</Property>
      <Property tag="1038000" type="1">1</Property>
      <Property tag="1039000" type="2">1</Property>
      <Property tag="103A000" type="3">5</Property>
      <Property tag="1054000" type="1">0</Property>
      <Property tag="D102000" type="3">2</Property>
      <Property tag="D103000" type="3">2</Property>
      <Property tag="D104000" type="6">00:68:EB:9B:06:50</Property>
      <Property tag="D105000" type="3">1</Property>
      <Property tag="D107000" type="6">192.168.1.1</Property>
      <Property tag="D108000" type="3">1</Property>
      <Property tag="D109000" type="6">255.255.255.0</Property>
      <Property tag="D126000" type="1">0</Property>
      <Property tag="D12C000" type="3">1</Property>
    </PropertyBag>
    <PropertyBag>
      <Property tag="1000000" type="6">//localhost/nisyscfg/Ethernet CNH</Property>
      <Property tag="1001000" type="1">0</Property>
      <Property tag="1009000" type="1">0</Property>
      <Property tag="100D000" type="3">0</Property>
      <Property tag="101C000" type="2">1</Property>
      <Property tag="101D000" type="6">Ethernet CNH</Property>
      <Property tag="101E000" type="6">nisyscfg</Property>
      <Property tag="101F000" type="6">Intel(R) I210 Gigabit Network Connection</Property>
      <Property tag="1020000" type="1">0</Property>
      <Property tag="1022000" type="5">{B466955E-C3F2-4E02-9A09-48125FEF9C66}</Property>
      <Property tag="1028000" type="1">0</Property>
      <Property tag="102A000" type="2">1000</Property>
      <Property tag="1037000" type="3">1376256</Property>
      <Property tag="1038000" type="1">1</Property>
      <Property tag="1039000" type="2">1</Property>
      <Property tag="103A000" type="3">5</Property>
      <Property tag="1054000" type="1">0</Property>
      <Property tag="D102000" type="3">2</Property>
      <Property tag="D103000" type="3">2</Property>
      <Property tag="D104000" type="6">00:68:EB:9B:06:51</Property>
      <Property tag="D105000" type="3">2</Property>
      <Property tag="D107000" type="6">146.47.23.87</Property>
      <Property tag="D108000" type="3">1</Property>
      <Property tag="D109000" type="6">255.255.255.0</Property>
      <Property tag="D10A000" type="6">146.47.23.1</Property>
      <Property tag="D10B000" type="6">146.47.20.40</Property>
      <Property tag="D126000" type="1">0</Property>
      <Property tag="D12C000" type="3">1</Property>
    </PropertyBag>
    <PropertyBag>
      <Property tag="1000000" type="6">//localhost/nisyscfg/Bluetooth Network Connection</Property>
      <Property tag="1001000" type="1">0</Property>
      <Property tag="1009000" type="1">0</Property>
      <Property tag="100D000" type="3">0</Property>
      <Property tag="101C000" type="2">1</Property>
      <Property tag="101D000" type="6">Bluetooth Network Connection</Property>
      <Property tag="101E000" type="6">nisyscfg</Property>
      <Property tag="101F000" type="6">Bluetooth Device (Personal Area Network)</Property>
      <Property tag="1020000" type="1">0</Property>
      <Property tag="1022000" type="5">{3E3F9101-D252-4677-976E-BDD60518B132}</Property>
      <Property tag="1028000" type="1">0</Property>
      <Property tag="102A000" type="2">1000</Property>
      <Property tag="1037000" type="3">1376256</Property>
      <Property tag="1038000" type="1">1</Property>
      <Property tag="1039000" type="2">1</Property>
      <Property tag="103A000" type="3">5</Property>
      <Property tag="1054000" type="1">0</Property>
      <Property tag="D102000" type="3">2</Property>
      <Property tag="D103000" type="3">2</Property>
      <Property tag="D104000" type="6">5C:F3:70:A0:AB:C7</Property>
      <Property tag="D105000" type="3">2</Property>
      <Property tag="D107000" type="6">0.0.0.0</Property>
      <Property tag="D108000" type="3">1</Property>
      <Property tag="D109000" type="6">0.0.0.0</Property>
      <Property tag="D126000" type="1">0</Property>
      <Property tag="D12C000" type="3">1</Property>
    </PropertyBag>
  </CombinedItems>

  <ItemsByExpert>
    <PropertyBag>
      <Property tag="1000000" type="6">//localhost/daqmx/{23129654-5EB4-11EC-8058-BC5EAAC21C9F}</Property>
      <Property tag="1001000" type="1">1</Property>
      <Property tag="1002000" type="3">2</Property>
      <Property tag="1003000" type="3">14627</Property>
      <Property tag="1004000" type="6">National Instruments</Property>
      <Property tag="1005000" type="3">30521</Property>
      <Property tag="1006000" type="6">NI cDAQ-9132</Property>
      <Property tag="1007000" type="6"/>
      <Property tag="1008000" type="1">1</Property>
      <Property tag="1009000" type="1">1</Property>
      <Property tag="100C000" type="2">4</Property>
      <Property tag="100D000" type="3">0</Property>
      <Property tag="1010000" type="1">0</Property>
      <Property tag="1014000" type="1">0</Property>
      <Property tag="101B000" type="3">0</Property>
      <Property tag="101C000" type="2">1</Property>
      <Property tag="101D000" type="6">{23129654-5EB4-11EC-8058-BC5EAAC21C9F}</Property>
      <Property tag="101E000" type="6">daqmx</Property>
      <Property tag="101F000" type="6">cDAQ2</Property>
      <Property tag="1020000" type="1">0</Property>
      <Property tag="1022000" type="5">{23129654-5EB4-11EC-8058-BC5EAAC21C9F}</Property>
      <Property tag="1024000" type="2">1</Property>
      <Property tag="1026000" type="3">9</Property>
      <Property tag="1027000" type="6">{23129654-5EB4-11EC-8058-BC5EAAC21C9F}</Property>
      <Property tag="1028000" type="1">1</Property>
      <Property tag="102A000" type="2">200</Property>
      <Property tag="1037000" type="3">1376256</Property>
      <Property tag="1038000" type="1">0</Property>
      <Property tag="103B000" type="2">1</Property>
      <Property tag="104A000" type="1">0</Property>
      <Property tag="1054000" type="1">1</Property>
      <Property tag="106B000" type="1">0</Property>
      <Property tag="1072000" type="1">1</Property>
      <Property tag="1075000" type="6"/>
      <Property tag="1085000" type="3">1</Property>
      <Property tag="1086000" type="3">1</Property>
      <Property tag="10A1000" type="3">9132</Property>
      <Property tag="2001000" type="5">{A2C06FAB-4997-3F99-4643-FB2FFB43AE18}</Property>
      <Property tag="2006000" type="1">0</Property>
      <Property tag="2007000" type="1">0</Property>
      <Property tag="2008000" type="6">cDAQ-9132</Property>
      <Property tag="200C000" type="6"/>
      <Property tag="200D000" type="3">0</Property>
      <Property tag="2017000" type="1">0</Property>
      <Property tag="201C000" type="1">0</Property>
      <Property tag="2020000" type="1">0</Property>
      <Property tag="2025000" type="2">19</Property>
      <Property tag="203C000" type="1">0</Property>
      <Property tag="1000B000" type="1">0</Property>
      <Property tag="1000C000" type="1">0</Property>
    </PropertyBag>
    <PropertyBag>
      <Property tag="1000000" type="6">//localhost/daqmx/{3764BA1B-5EB4-11EC-8058-BC5EAAC21C9F}</Property>
      <Property tag="1001000" type="1">1</Property>
      <Property tag="1002000" type="3">9</Property>
      <Property tag="1003000" type="3">4243</Property>
      <Property tag="1004000" type="6">National Instruments</Property>
      <Property tag="1005000" type="3">29108</Property>
      <Property tag="1006000" type="6">NI 9263</Property>
      <Property tag="1007000" type="6"/>
      <Property tag="1008000" type="1">1</Property>
      <Property tag="1009000" type="1">1</Property>
      <Property tag="100A000" type="6">{23129654-5EB4-11EC-8058-BC5EAAC21C9F}</Property>
      <Property tag="100B000" type="2">1</Property>
      <Property tag="100D000" type="3">0</Property>
      <Property tag="1010000" type="1">0</Property>
      <Property tag="1014000" type="1">1</Property>
      <Property tag="1015000" type="7">0 0 0 0</Property>
      <Property tag="1017000" type="7">0 0 0 0</Property>
      <Property tag="101C000" type="2">1</Property>
      <Property tag="101D000" type="6">{3764BA1B-5EB4-11EC-8058-BC5EAAC21C9F}</Property>
      <Property tag="101E000" type="6">daqmx</Property>
      <Property tag="101F000" type="6">cDAQ2Mod1</Property>
      <Property tag="1020000" type="1">1</Property>
      <Property tag="1022000" type="5">{3764BA1B-5EB4-11EC-8058-BC5EAAC21C9F}</Property>
      <Property tag="1024000" type="2">1</Property>
      <Property tag="1028000" type="1">0</Property>
      <Property tag="102A000" type="2">200</Property>
      <Property tag="102E000" type="4">0.000000</Property>
      <Property tag="1037000" type="3">1376256</Property>
      <Property tag="1038000" type="1">0</Property>
      <Property tag="104A000" type="1">0</Property>
      <Property tag="1054000" type="1">1</Property>
      <Property tag="1064000" type="2">1</Property>
      <Property tag="1065000" type="6">TempSensor1</Property>
      <Property tag="1066000" type="4">nan</Property>
      <Property tag="1067000" type="4">nan</Property>
      <Property tag="1069000" type="2">-1</Property>
      <Property tag="106B000" type="1">0</Property>
      <Property tag="1072000" type="1">1</Property>
      <Property tag="1075000" type="6"/>
      <Property tag="1085000" type="3">1</Property>
      <Property tag="1086000" type="3">1</Property>
      <Property tag="1089000" type="2">-1</Property>
      <Property tag="10A0000" type="6"/>
      <Property tag="10A1000" type="3">9263</Property>
      <Property tag="2001000" type="5">{DCBCBB09-7862-3AFE-3581-FEC89ACE0407}</Property>
      <Property tag="2006000" type="1">1</Property>
      <Property tag="2007000" type="1">1</Property>
      <Property tag="2008000" type="6">NI 9263</Property>
      <Property tag="200C000" type="6"/>
      <Property tag="200D000" type="3">0</Property>
      <Property tag="2017000" type="1">0</Property>
      <Property tag="201C000" type="1">0</Property>
      <Property tag="2020000" type="1">0</Property>
      <Property tag="2025000" type="2">20</Property>
      <Property tag="203C000" type="1">0</Property>
      <Property tag="2045000" type="3">28839</Property>
      <Property tag="1000B000" type="1">0</Property>
      <Property tag="1000C000" type="1">0</Property>
    </PropertyBag>
    <PropertyBag>
      <Property tag="1000000" type="6">//localhost/daqmx/{7A43338D-4258-11EC-80A9-878F68D95F2A}</Property>
      <Property tag="1001000" type="1">1</Property>
      <Property tag="1002000" type="3">2</Property>
      <Property tag="1003000" type="3">14627</Property>
      <Property tag="1004000" type="6">National Instruments</Property>
      <Property tag="1005000" type="3">29860</Property>
      <Property tag="1006000" type="6">NI cDAQ-9178</Property>
      <Property tag="1007000" type="6">01F9A53A</Property>
      <Property tag="1008000" type="1">1</Property>
      <Property tag="1009000" type="1">0</Property>
      <Property tag="100C000" type="2">8</Property>
      <Property tag="100D000" type="3">0</Property>
      <Property tag="1010000" type="1">0</Property>
      <Property tag="1014000" type="1">0</Property>
      <Property tag="101B000" type="3">0</Property>
      <Property tag="101C000" type="2">1</Property>
      <Property tag="101D000" type="6">{7A43338D-4258-11EC-80A9-878F68D95F2A}</Property>
      <Property tag="101E000" type="6">daqmx</Property>
      <Property tag="101F000" type="6">cDAQ1</Property>
      <Property tag="1020000" type="1">0</Property>
      <Property tag="1022000" type="5">{7A43338D-4258-11EC-80A9-878F68D95F2A}</Property>
      <Property tag="1024000" type="2">0</Property>
      <Property tag="1026000" type="3">9</Property>
      <Property tag="1027000" type="6">{7A43338D-4258-11EC-80A9-878F68D95F2A}</Property>
      <Property tag="1028000" type="1">1</Property>
      <Property tag="102A000" type="2">200</Property>
      <Property tag="1037000" type="3">1376256</Property>
      <Property tag="1038000" type="1">0</Property>
      <Property tag="103B000" type="2">1</Property>
      <Property tag="104A000" type="1">0</Property>
      <Property tag="1054000" type="1">1</Property>
      <Property tag="106B000" type="1">0</Property>
      <Property tag="1072000" type="1">1</Property>
      <Property tag="1075000" type="6"/>
      <Property tag="1085000" type="3">1</Property>
      <Property tag="1086000" type="3">1</Property>
      <Property tag="10A1000" type="3">9178</Property>
      <Property tag="2001000" type="5">{D34A0ABC-9207-382F-3609-B4E796C114B1}</Property>
      <Property tag="2006000" type="1">0</Property>
      <Property tag="2007000" type="1">0</Property>
      <Property tag="2008000" type="6">cDAQ-9178</Property>
      <Property tag="200C000" type="6">Status Code: -88705
The specified device is not present or is not active in the system. The device may not be installed on this system, may have been unplugged, or may not be installed correctly.
</Property>
      <Property tag="200D000" type="3">3</Property>
      <Property tag="2017000" type="1">0</Property>
      <Property tag="201C000" type="1">0</Property>
      <Property tag="2020000" type="1">0</Property>
      <Property tag="2025000" type="2">19</Property>
      <Property tag="203C000" type="1">0</Property>
      <Property tag="1000B000" type="1">0</Property>
      <Property tag="1000C000" type="1">0</Property>
    </PropertyBag>
    <PropertyBag>
      <Property tag="1000000" type="6">//localhost/daqmx/{8FE773DF-4258-11EC-80A9-878F68D95F2A}</Property>
      <Property tag="1001000" type="1">1</Property>
      <Property tag="1002000" type="3">9</Property>
      <Property tag="1003000" type="3">4243</Property>
      <Property tag="1004000" type="6">National Instruments</Property>
      <Property tag="1005000" type="3">29024</Property>
      <Property tag="1006000" type="6">NI 9421</Property>
      <Property tag="1007000" type="6">01FB6C25</Property>
      <Property tag="1008000" type="1">1</Property>
      <Property tag="1009000" type="1">0</Property>
      <Property tag="100A000" type="6">{7A43338D-4258-11EC-80A9-878F68D95F2A}</Property>
      <Property tag="100B000" type="2">8</Property>
      <Property tag="100D000" type="3">0</Property>
      <Property tag="1010000" type="1">0</Property>
      <Property tag="1014000" type="1">0</Property>
      <Property tag="101C000" type="2">1</Property>
      <Property tag="101D000" type="6">{8FE773DF-4258-11EC-80A9-878F68D95F2A}</Property>
      <Property tag="101E000" type="6">daqmx</Property>
      <Property tag="101F000" type="6">cDAQ1Mod8</Property>
      <Property tag="1020000" type="1">0</Property>
      <Property tag="1022000" type="5">{8FE773DF-4258-11EC-80A9-878F68D95F2A}</Property>
      <Property tag="1024000" type="2">0</Property>
      <Property tag="1028000" type="1">0</Property>
      <Property tag="102A000" type="2">200</Property>
      <Property tag="1037000" type="3">1376256</Property>
      <Property tag="1038000" type="1">0</Property>
      <Property tag="104A000" type="1">0</Property>
      <Property tag="1054000" type="1">1</Property>
      <Property tag="106B000" type="1">0</Property>
      <Property tag="1072000" type="1">1</Property>
      <Property tag="1075000" type="6"/>
      <Property tag="1085000" type="3">1</Property>
      <Property tag="1086000" type="3">1</Property>
      <Property tag="10A1000" type="3">9421</Property>
      <Property tag="2001000" type="5">{5C0EBCEA-6C1F-3840-5A5C-BB74CFC213BE}</Property>
      <Property tag="2006000" type="1">1</Property>
      <Property tag="2007000" type="1">1</Property>
      <Property tag="2008000" type="6">NI 9421</Property>
      <Property tag="200C000" type="6">Status Code: -88705
The specified device is not present or is not active in the system. The device may not be installed on this system, may have been unplugged, or may not be installed correctly.
</Property>
      <Property tag="200D000" type="3">3</Property>
      <Property tag="2017000" type="1">0</Property>
      <Property tag="201C000" type="1">0</Property>
      <Property tag="2020000" type="1">0</Property>
      <Property tag="2025000" type="2">20</Property>
      <Property tag="203C000" type="1">0</Property>
      <Property tag="2045000" type="3">28831</Property>
      <Property tag="1000B000" type="1">0</Property>
      <Property tag="1000C000" type="1">0</Property>
    </PropertyBag>
    <PropertyBag>
      <Property tag="1000000" type="6">//localhost/daqmx/{956C4BFC-4258-11EC-80A9-878F68D95F2A}</Property>
      <Property tag="1001000" type="1">1</Property>
      <Property tag="1002000" type="3">9</Property>
      <Property tag="1003000" type="3">4243</Property>
      <Property tag="1004000" type="6">National Instruments</Property>
      <Property tag="1005000" type="3">29029</Property>
      <Property tag="1006000" type="6">NI 9401</Property>
      <Property tag="1007000" type="6">01C2D593</Property>
      <Property tag="1008000" type="1">1</Property>
      <Property tag="1009000" type="1">0</Property>
      <Property tag="100A000" type="6">{7A43338D-4258-11EC-80A9-878F68D95F2A}</Property>
      <Property tag="100B000" type="2">6</Property>
      <Property tag="100C000" type="2">1</Property>
      <Property tag="100D000" type="3">0</Property>
      <Property tag="1010000" type="1">0</Property>
      <Property tag="1014000" type="1">0</Property>
      <Property tag="101C000" type="2">1</Property>
      <Property tag="101D000" type="6">{956C4BFC-4258-11EC-80A9-878F68D95F2A}</Property>
      <Property tag="101E000" type="6">daqmx</Property>
      <Property tag="101F000" type="6">cDAQ1Mod6</Property>
      <Property tag="1020000" type="1">0</Property>
      <Property tag="1022000" type="5">{956C4BFC-4258-11EC-80A9-878F68D95F2A}</Property>
      <Property tag="1024000" type="2">0</Property>
      <Property tag="1026000" type="3">13</Property>
      <Property tag="1027000" type="6">{956C4BFC-4258-11EC-80A9-878F68D95F2A}</Property>
      <Property tag="1028000" type="1">0</Property>
      <Property tag="102A000" type="2">200</Property>
      <Property tag="1037000" type="3">1376256</Property>
      <Property tag="1038000" type="1">0</Property>
      <Property tag="103B000" type="2">0</Property>
      <Property tag="104A000" type="1">0</Property>
      <Property tag="1054000" type="1">1</Property>
      <Property tag="106B000" type="1">0</Property>
      <Property tag="1072000" type="1">1</Property>
      <Property tag="1075000" type="6"/>
      <Property tag="1085000" type="3">1</Property>
      <Property tag="1086000" type="3">1</Property>
      <Property tag="10A1000" type="3">9401</Property>
      <Property tag="2001000" type="5">{800FF3B2-D66A-3E7E-DECA-89AD66F1621B}</Property>
      <Property tag="2006000" type="1">1</Property>
      <Property tag="2007000" type="1">1</Property>
      <Property tag="2008000" type="6">NI 9401</Property>
      <Property tag="200C000" type="6">Status Code: -88705
The specified device is not present or is not active in the system. The device may not be installed on this system, may have been unplugged, or may not be installed correctly.
</Property>
      <Property tag="200D000" type="3">3</Property>
      <Property tag="2017000" type="1">0</Property>
      <Property tag="201C000" type="1">0</Property>
      <Property tag="2020000" type="1">0</Property>
      <Property tag="2025000" type="2">20</Property>
      <Property tag="203C000" type="1">0</Property>
      <Property tag="2045000" type="3">28976</Property>
      <Property tag="1000B000" type="1">0</Property>
      <Property tag="1000C000" type="1">0</Property>
    </PropertyBag>
    <PropertyBag>
      <Property tag="1000000" type="6">//localhost/ni-pxi/PXISystemController</Property>
      <Property tag="1001000" type="1">0</Property>
      <Property tag="1009000" type="1">0</Property>
      <Property tag="100D000" type="3">0</Property>
      <Property tag="101C000" type="2">1</Property>
      <Property tag="101D000" type="6">PXISystemController</Property>
      <Property tag="101E000" type="6">ni-pxi</Property>
      <Property tag="101F000" type="6"/>
      <Property tag="1020000" type="1">0</Property>
      <Property tag="1022000" type="5">{00000000-0000-0000-0000-000000000000}</Property>
      <Property tag="1024000" type="2">1</Property>
      <Property tag="1028000" type="1">0</Property>
      <Property tag="102A000" type="2">-1000</Property>
      <Property tag="1037000" type="3">1376256</Property>
      <Property tag="1038000" type="1">1</Property>
      <Property tag="1039000" type="2">1</Property>
      <Property tag="103A000" type="3">4</Property>
      <Property tag="103C000" type="6"/>
      <Property tag="103D000" type="6"/>
      <Property tag="1054000" type="1">0</Property>
      <Property tag="B004000" type="3">0</Property>
      <Property tag="B007000" type="3">262144</Property>
      <Property tag="B00B000" type="3">1</Property>
      <Property tag="B00C000" type="3">3</Property>
      <Property tag="B00D000" type="6">National Instruments</Property>
      <Property tag="B00E000" type="6">(None Selected),National Instruments</Property>
      <Property tag="B00F000" type="3">1</Property>
      <Property tag="B010000" type="3">3</Property>
      <Property tag="B011000" type="6">National Instruments</Property>
      <Property tag="B012000" type="6">National Instruments</Property>
      <Property tag="B013000" type="2">0</Property>
      <Property tag="B014000" type="6">20.0.0</Property>
      <Property tag="16002000" type="6"/>
      <Property tag="16003000" type="6"/>
      <Property tag="16004000" type="3">0</Property>
      <Property tag="16005000" type="6"/>
      <Property tag="16006000" type="6"/>
      <Property tag="1600A000" type="6"/>
    </PropertyBag>
    <PropertyBag>
      <Property tag="1000000" type="6">//localhost/ni-rio/system</Property>
      <Property tag="1001000" type="1">0</Property>
      <Property tag="1006000" type="6"/>
      <Property tag="1007000" type="6"/>
      <Property tag="1009000" type="1">0</Property>
      <Property tag="100D000" type="3">0</Property>
      <Property tag="101C000" type="2">1</Property>
      <Property tag="101D000" type="6">system</Property>
      <Property tag="101E000" type="6">ni-rio</Property>
      <Property tag="101F000" type="6"/>
      <Property tag="1020000" type="1">0</Property>
      <Property tag="1022000" type="5">{00000000-0000-0000-0000-000000000000}</Property>
      <Property tag="1024000" type="2">-1</Property>
      <Property tag="1028000" type="1">0</Property>
      <Property tag="102A000" type="2">-100</Property>
      <Property tag="1037000" type="3">1376256</Property>
      <Property tag="1038000" type="1">1</Property>
      <Property tag="1039000" type="2">1</Property>
      <Property tag="103A000" type="3">4</Property>
      <Property tag="103C000" type="6"/>
      <Property tag="103D000" type="6"/>
      <Property tag="1054000" type="1">0</Property>
      <Property tag="5002000" type="2">0</Property>
      <Property tag="5003000" type="2">1</Property>
    </PropertyBag>
    <PropertyBag>
      <Property tag="1000000" type="6">//localhost/ni-visa/ASRL4::INSTR</Property>
      <Property tag="1001000" type="1">0</Property>
      <Property tag="1002000" type="3">5</Property>
      <Property tag="1004000" type="6"/>
      <Property tag="1006000" type="6"/>
      <Property tag="1007000" type="6"/>
      <Property tag="1008000" type="1">0</Property>
      <Property tag="1009000" type="1">0</Property>
      <Property tag="100D000" type="3">0</Property>
      <Property tag="101C000" type="2">1</Property>
      <Property tag="101D000" type="6">ASRL4::INSTR</Property>
      <Property tag="101E000" type="6">ni-visa</Property>
      <Property tag="101F000" type="6">COM4</Property>
      <Property tag="1020000" type="1">0</Property>
      <Property tag="1022000" type="5">{0A9C7F42-2AD0-11EC-80A6-8C826E68892D}</Property>
      <Property tag="1024000" type="2">0</Property>
      <Property tag="1028000" type="1">0</Property>
      <Property tag="102A000" type="2">1</Property>
      <Property tag="1037000" type="3">1376256</Property>
      <Property tag="1038000" type="1">0</Property>
      <Property tag="1049000" type="6"/>
      <Property tag="1054000" type="1">1</Property>
      <Property tag="10A1000" type="3">0</Property>
    </PropertyBag>
    <PropertyBag>
      <Property tag="1000000" type="6">//localhost/ni-visa/ASRL1::INSTR</Property>
      <Property tag="1001000" type="1">0</Property>
      <Property tag="1002000" type="3">5</Property>
      <Property tag="1004000" type="6"/>
      <Property tag="1006000" type="6"/>
      <Property tag="1007000" type="6"/>
      <Property tag="1008000" type="1">0</Property>
      <Property tag="1009000" type="1">0</Property>
      <Property tag="100D000" type="3">0</Property>
      <Property tag="101C000" type="2">1</Property>
      <Property tag="101D000" type="6">ASRL1::INSTR</Property>
      <Property tag="101E000" type="6">ni-visa</Property>
      <Property tag="101F000" type="6">COM1</Property>
      <Property tag="1020000" type="1">0</Property>
      <Property tag="1022000" type="5">{D6B7D217-544E-11EC-8058-98DFB26AD406}</Property>
      <Property tag="1024000" type="2">0</Property>
      <Property tag="1028000" type="1">0</Property>
      <Property tag="102A000" type="2">1</Property>
      <Property tag="1037000" type="3">1376256</Property>
      <Property tag="1038000" type="1">0</Property>
      <Property tag="1049000" type="6"/>
      <Property tag="1054000" type="1">1</Property>
      <Property tag="10A1000" type="3">0</Property>
    </PropertyBag>
    <PropertyBag>
      <Property tag="1000000" type="6">//localhost/ni-visa/ASRL5::INSTR</Property>
      <Property tag="1001000" type="1">0</Property>
      <Property tag="1002000" type="3">5</Property>
      <Property tag="1004000" type="6"/>
      <Property tag="1006000" type="6"/>
      <Property tag="1007000" type="6"/>
      <Property tag="1008000" type="1">0</Property>
      <Property tag="1009000" type="1">0</Property>
      <Property tag="100D000" type="3">0</Property>
      <Property tag="101C000" type="2">1</Property>
      <Property tag="101D000" type="6">ASRL5::INSTR</Property>
      <Property tag="101E000" type="6">ni-visa</Property>
      <Property tag="101F000" type="6">COM5</Property>
      <Property tag="1020000" type="1">0</Property>
      <Property tag="1022000" type="5">{1A66D792-8062-11EC-8050-9EA0DE1E3DF3}</Property>
      <Property tag="1024000" type="2">0</Property>
      <Property tag="1028000" type="1">0</Property>
      <Property tag="102A000" type="2">1</Property>
      <Property tag="1037000" type="3">1376256</Property>
      <Property tag="1038000" type="1">0</Property>
      <Property tag="1049000" type="6"/>
      <Property tag="1054000" type="1">1</Property>
      <Property tag="10A1000" type="3">0</Property>
    </PropertyBag>
    <PropertyBag>
      <Property tag="1000000" type="6">//localhost/ni-visa/ASRL3::INSTR</Property>
      <Property tag="1001000" type="1">1</Property>
      <Property tag="1002000" type="3">5</Property>
      <Property tag="1004000" type="6"/>
      <Property tag="1006000" type="6"/>
      <Property tag="1007000" type="6"/>
      <Property tag="1008000" type="1">0</Property>
      <Property tag="1009000" type="1">0</Property>
      <Property tag="100D000" type="3">0</Property>
      <Property tag="101C000" type="2">1</Property>
      <Property tag="101D000" type="6">ASRL3::INSTR</Property>
      <Property tag="101E000" type="6">ni-visa</Property>
      <Property tag="101F000" type="6">COM3</Property>
      <Property tag="1020000" type="1">0</Property>
      <Property tag="1022000" type="5">{1BFBABB9-5D25-11EC-805E-FF3F4CECF547}</Property>
      <Property tag="1024000" type="2">1</Property>
      <Property tag="1028000" type="1">0</Property>
      <Property tag="102A000" type="2">1</Property>
      <Property tag="1037000" type="3">1376256</Property>
      <Property tag="1038000" type="1">0</Property>
      <Property tag="1049000" type="6">COM3</Property>
      <Property tag="1054000" type="1">1</Property>
      <Property tag="1072000" type="1">0</Property>
      <Property tag="10A1000" type="3">0</Property>
      <Property tag="4001000" type="6">Prolific USB-to-Serial Comm Port</Property>
      <Property tag="4002000" type="3">9600</Property>
      <Property tag="4003000" type="3">8</Property>
      <Property tag="4004000" type="3">0</Property>
      <Property tag="4005000" type="3">10</Property>
      <Property tag="4006000" type="3">0</Property>
      <Property tag="400A000" type="1">0</Property>
    </PropertyBag>
    <PropertyBag>
      <Property tag="1000000" type="6">//localhost/network/00:80:2F:32:7F:F8</Property>
      <Property tag="1001000" type="1">1</Property>
      <Property tag="1002000" type="3">6</Property>
      <Property tag="1004000" type="6">National Instruments</Property>
      <Property tag="1005000" type="3">30689</Property>
      <Property tag="1006000" type="6">PXIe-8861</Property>
      <Property tag="1007000" type="6">0321713B</Property>
      <Property tag="1008000" type="1">1</Property>
      <Property tag="1009000" type="1">0</Property>
      <Property tag="100D000" type="3">0</Property>
      <Property tag="101C000" type="2">1</Property>
      <Property tag="101D000" type="6">00:80:2F:32:7F:F8</Property>
      <Property tag="101E000" type="6">network</Property>
      <Property tag="101F000" type="6">NI-PXIe-8861-0321713B</Property>
      <Property tag="1020000" type="1">0</Property>
      <Property tag="1022000" type="5">{00000000-0000-0000-0000-000000000000}</Property>
      <Property tag="1024000" type="2">1</Property>
      <Property tag="1025000" type="6">NI-PXIe-8861-0321713B</Property>
      <Property tag="1028000" type="1">0</Property>
      <Property tag="102A000" type="2">-100</Property>
      <Property tag="102B000" type="2">1</Property>
      <Property tag="102C000" type="6">192.168.1.9</Property>
      <Property tag="1033000" type="6">00:80:2F:32:7F:F8</Property>
      <Property tag="1034000" type="1">1</Property>
      <Property tag="1037000" type="3">1376256</Property>
      <Property tag="1038000" type="1">1</Property>
      <Property tag="1039000" type="2">3</Property>
      <Property tag="103A000" type="3">0</Property>
      <Property tag="103A001" type="3">1</Property>
      <Property tag="103A002" type="3">2</Property>
      <Property tag="103C000" type="6">PXI</Property>
      <Property tag="103D000" type="6"/>
      <Property tag="104A000" type="1">0</Property>
      <Property tag="104E000" type="6">NI-Linux x64</Property>
      <Property tag="104F000" type="6">4.14.146-rt67</Property>
      <Property tag="1053000" type="6">Running</Property>
      <Property tag="1054000" type="1">0</Property>
      <Property tag="1055000" type="1">0</Property>
      <Property tag="1056000" type="1">0</Property>
      <Property tag="1071000" type="1">0</Property>
      <Property tag="1085000" type="3">0</Property>
      <Property tag="1086000" type="3">0</Property>
      <Property tag="D204000" type="6">Running</Property>
      <Property tag="D207000" type="6">x86_64</Property>
      <Property tag="D209000" type="6">daqmx,nidim,ni-controller,ni-mxi,ni-pxi,ni-qpxi,ni-rio,ni-switch,nimru,nisyscfg,ni-visa,rtsi,serial,xnet,nisysmgmt</Property>
      <Property tag="D20A000" type="6">21.0</Property>
      <Property tag="D20C000" type="6"/>
    </PropertyBag>
    <PropertyBag>
      <Property tag="1000000" type="6">//localhost/nisyscfg/Ethernet</Property>
      <Property tag="1001000" type="1">0</Property>
      <Property tag="1009000" type="1">0</Property>
      <Property tag="100D000" type="3">0</Property>
      <Property tag="101C000" type="2">1</Property>
      <Property tag="101D000" type="6">Ethernet</Property>
      <Property tag="101E000" type="6">nisyscfg</Property>
      <Property tag="101F000" type="6">Intel(R) Ethernet Connection (2) I219-LM</Property>
      <Property tag="1020000" type="1">0</Property>
      <Property tag="1022000" type="5">{CBD06E6E-ABB8-4E76-9D35-C7FBC73A58D0}</Property>
      <Property tag="1028000" type="1">0</Property>
      <Property tag="102A000" type="2">1000</Property>
      <Property tag="1037000" type="3">1376256</Property>
      <Property tag="1038000" type="1">1</Property>
      <Property tag="1039000" type="2">1</Property>
      <Property tag="103A000" type="3">5</Property>
      <Property tag="1054000" type="1">0</Property>
      <Property tag="D102000" type="3">2</Property>
      <Property tag="D103000" type="3">2</Property>
      <Property tag="D104000" type="6">00:68:EB:9B:06:50</Property>
      <Property tag="D105000" type="3">1</Property>
      <Property tag="D107000" type="6">192.168.1.1</Property>
      <Property tag="D108000" type="3">1</Property>
      <Property tag="D109000" type="6">255.255.255.0</Property>
      <Property tag="D126000" type="1">0</Property>
      <Property tag="D12C000" type="3">1</Property>
    </PropertyBag>
    <PropertyBag>
      <Property tag="1000000" type="6">//localhost/nisyscfg/Ethernet CNH</Property>
      <Property tag="1001000" type="1">0</Property>
      <Property tag="1009000" type="1">0</Property>
      <Property tag="100D000" type="3">0</Property>
      <Property tag="101C000" type="2">1</Property>
      <Property tag="101D000" type="6">Ethernet CNH</Property>
      <Property tag="101E000" type="6">nisyscfg</Property>
      <Property tag="101F000" type="6">Intel(R) I210 Gigabit Network Connection</Property>
      <Property tag="1020000" type="1">0</Property>
      <Property tag="1022000" type="5">{B466955E-C3F2-4E02-9A09-48125FEF9C66}</Property>
      <Property tag="1028000" type="1">0</Property>
      <Property tag="102A000" type="2">1000</Property>
      <Property tag="1037000" type="3">1376256</Property>
      <Property tag="1038000" type="1">1</Property>
      <Property tag="1039000" type="2">1</Property>
      <Property tag="103A000" type="3">5</Property>
      <Property tag="1054000" type="1">0</Property>
      <Property tag="D102000" type="3">2</Property>
      <Property tag="D103000" type="3">2</Property>
      <Property tag="D104000" type="6">00:68:EB:9B:06:51</Property>
      <Property tag="D105000" type="3">2</Property>
      <Property tag="D107000" type="6">146.47.23.87</Property>
      <Property tag="D108000" type="3">1</Property>
      <Property tag="D109000" type="6">255.255.255.0</Property>
      <Property tag="D10A000" type="6">146.47.23.1</Property>
      <Property tag="D10B000" type="6">146.47.20.40</Property>
      <Property tag="D126000" type="1">0</Property>
      <Property tag="D12C000" type="3">1</Property>
    </PropertyBag>
    <PropertyBag>
      <Property tag="1000000" type="6">//localhost/nisyscfg/Bluetooth Network Connection</Property>
      <Property tag="1001000" type="1">0</Property>
      <Property tag="1009000" type="1">0</Property>
      <Property tag="100D000" type="3">0</Property>
      <Property tag="101C000" type="2">1</Property>
      <Property tag="101D000" type="6">Bluetooth Network Connection</Property>
      <Property tag="101E000" type="6">nisyscfg</Property>
      <Property tag="101F000" type="6">Bluetooth Device (Personal Area Network)</Property>
      <Property tag="1020000" type="1">0</Property>
      <Property tag="1022000" type="5">{3E3F9101-D252-4677-976E-BDD60518B132}</Property>
      <Property tag="1028000" type="1">0</Property>
      <Property tag="102A000" type="2">1000</Property>
      <Property tag="1037000" type="3">1376256</Property>
      <Property tag="1038000" type="1">1</Property>
      <Property tag="1039000" type="2">1</Property>
      <Property tag="103A000" type="3">5</Property>
      <Property tag="1054000" type="1">0</Property>
      <Property tag="D102000" type="3">2</Property>
      <Property tag="D103000" type="3">2</Property>
      <Property tag="D104000" type="6">5C:F3:70:A0:AB:C7</Property>
      <Property tag="D105000" type="3">2</Property>
      <Property tag="D107000" type="6">0.0.0.0</Property>
      <Property tag="D108000" type="3">1</Property>
      <Property tag="D109000" type="6">0.0.0.0</Property>
      <Property tag="D126000" type="1">0</Property>
      <Property tag="D12C000" type="3">1</Property>
    </PropertyBag>
    <PropertyBag>
      <Property tag="1000000" type="6">//localhost/nisyscfg/system</Property>
      <Property tag="1001000" type="1">0</Property>
      <Property tag="1002000" type="3">0</Property>
      <Property tag="1004000" type="6">HP</Property>
      <Property tag="1005000" type="3">0</Property>
      <Property tag="1006000" type="6">HP Z4 G4 Workstation</Property>
      <Property tag="1007000" type="6">MXL1104KWM</Property>
      <Property tag="1008000" type="1">0</Property>
      <Property tag="1009000" type="1">0</Property>
      <Property tag="100D000" type="3">0</Property>
      <Property tag="101C000" type="2">1</Property>
      <Property tag="101D000" type="6">system</Property>
      <Property tag="101E000" type="6">nisyscfg</Property>
      <Property tag="101F000" type="6">TD0319054</Property>
      <Property tag="1020000" type="1">0</Property>
      <Property tag="1022000" type="5">{02A8780F-941F-99FA-8312-D3F18A48D605}</Property>
      <Property tag="1024000" type="2">1</Property>
      <Property tag="1028000" type="1">0</Property>
      <Property tag="102A000" type="2">1000</Property>
      <Property tag="102F000" type="6">P61 v02.63</Property>
      <Property tag="1037000" type="3">1376256</Property>
      <Property tag="1038000" type="1">1</Property>
      <Property tag="1039000" type="2">1</Property>
      <Property tag="103A000" type="3">4</Property>
      <Property tag="103C000" type="6">Desktop</Property>
      <Property tag="103D000" type="6"/>
      <Property tag="1040000" type="3">0</Property>
      <Property tag="104E000" type="6">Windows x64</Property>
      <Property tag="104F000" type="6">10.0.19042</Property>
      <Property tag="1050000" type="6">Microsoft Windows 10 Enterprise</Property>
      <Property tag="1051000" type="7">0 80000000 DE0DE00C 0</Property>
      <Property tag="1052000" type="1">0</Property>
      <Property tag="1054000" type="1">0</Property>
      <Property tag="1058000" type="2">8</Property>
      <Property tag="1075000" type="6"/>
      <Property tag="1083000" type="6">Intel(R) Xeon(R) W-2123 CPU @ 3.60GHz</Property>
      <Property tag="1084000" type="2">4</Property>
      <Property tag="10B2000" type="2">4</Property>
      <Property tag="D114000" type="6">TD0319054.cnh1.cnhgroup.cnh.com</Property>
      <Property tag="D122000" type="4">494466044.000000</Property>
      <Property tag="D129000" type="1">1</Property>
      <Property tag="D150000" type="4">33275200.000000</Property>
      <Property tag="D153000" type="4">66550400.000000</Property>
      <Property tag="D156000" type="3">0</Property>
    </PropertyBag>
  </ItemsByExpert>

</SysapiExportedData>
